positive_score,negative_score,polarity_score,average_sentence_length,percentage_of_complex_words,fog_index,complex_word_count,word_count,uncertainty_score,constraining_score,positive_word_proportion
88,317,-0.5654320973693034,5.0776942355889725,51.60414610069102,22.672736134511997,2091,4052,0.016288252714708785,0.019002961500493583,0.02171767028627838
58,243,-0.6146179381574155,7.30242825607064,52.23700120918985,23.815771786104197,1728,3308,0.015417170495767836,0.017533252720677146,0.017533252720677146
1,7,-0.7499999062500118,44.8,38.392857142857146,33.27714285714286,86,224,0.022321428571428572,0.004464285714285714,0.004464285714285714
